{"player_x": 470.0, "player_y": -98.4845356715714, "highest_y": -98.4845356715714}